time,case,method,condition_bound,condition_spectral,min_pivot,max_pivot
0.000000,tele_yaw_control,actions,1.650000e+00,1.650000e+00,1.100000e+00,1.100000e+00
4.050000,tele_yaw_control,actions,1.650000e+00,1.650000e+00,1.100000e+00,1.100000e+00
7.200000,tele_yaw_control,actions,1.650000e+00,1.650000e+00,1.100000e+00,1.100000e+00
15.300000,tele_yaw_control,actions,1.650000e+00,1.650000e+00,1.100000e+00,1.100000e+00
3.150000,tele_yaw_control,actions,1.000000e+00,1.000000e+00,1.750000e+00,1.750000e+00
3.150000,cam_follow_adjust,actions,1.194286e+00,1.194286e+00,8.800000e-01,8.800000e-01
3.150000,counterbalance_beam,actions,1.791429e+00,1.791429e+00,1.320000e+00,1.320000e+00
3.150000,hydraulic_lift_sync,actions,1.492857e+00,1.492857e+00,1.100000e+00,1.100000e+00
3.150000,optic_alignment_trim,actions,1.492857e+00,1.492857e+00,1.100000e+00,1.100000e+00
